{
  "fusions": [
    {
      "Fusion": "NFIB--FOCAD",
      "Junction Reads": "29",
      "Left Chr": "chr9",
      "Left Gene": "NFIB^ENSG00000147862.17",
      "Left Pos": "14313482",
      "Left Strand": "-",
      "Right Chr": "chr9",
      "Right Gene": "FOCAD^ENSG00000188352.12",
      "Right Pos": "20862578",
      "Right Strand": "+",
      "Spanning Fragments": "9",
      "Splice Type": "Includes Reference"
    },
    {
      "Fusion": "CD151--DEAF1",
      "Junction Reads": "16",
      "Left Chr": "chr11",
      "Left Gene": "CD151^ENSG00000177697.19",
      "Left Pos": "836442",
      "Left Strand": "+",
      "Right Chr": "chr11",
      "Right Gene": "DEAF1^ENSG00000177030.17",
      "Right Pos": "688460",
      "Right Strand": "-",
      "Spanning Fragments": "46",
      "Splice Type": "Includes Reference"
    },
    {
      "Fusion": "EML4--ALK",
      "Junction Reads": "10",
      "Left Chr": "chr2",
      "Left Gene": "EML4^ENSG00000143924.19",
      "Left Pos": "42295516",
      "Left Strand": "+",
      "Right Chr": "chr2",
      "Right Gene": "ALK^ENSG00000171094.18",
      "Right Pos": "29223528",
      "Right Strand": "-",
      "Spanning Fragments": "29",
      "Splice Type": "Includes Reference"
    }
  ]
}